-- Auto-generated by pipeline/build_sql_inserts.py. Do not edit by hand.
-- Load order: schema.sql then this file.
begin;

insert into school_districts (district_id, name, short_name, state, geom) values
  ('1201440', 'The School District of St. Lucie County', 'St. Lucie Public Schools', 'FL', ST_Multi(ST_GeomFromText('POLYGON((-80.275 27.585, -80.285 27.4, -80.305 27.18, -80.705 27.182, -80.705 27.587, -80.4 27.586, -80.275 27.585))', 4326)))
on conflict (district_id) do nothing;

insert into schools (nces_id, name, type, grade_low, grade_high, zip, district_id, enrollment, student_teacher_ratio, geom) values
  ('120144000001', 'Lincoln Park Academy', 'Combined (Magnet)', '6', '12', '34950', '1201440', 1850, 18, ST_SetSRID(ST_Point(-80.345, 27.456), 4326)),
  ('120144000002', 'Fort Pierce Central High School', 'High', '9', '12', '34947', '1201440', 2300, 19, ST_SetSRID(ST_Point(-80.4, 27.43), 4326)),
  ('120144000003', 'Fort Pierce Westwood Academy', 'High', '9', '12', '34946', '1201440', 1100, 16, ST_SetSRID(ST_Point(-80.375, 27.47), 4326)),
  ('120144000004', 'St. Lucie West Centennial High School', 'High', '9', '12', '34986', '1201440', 2600, 20, ST_SetSRID(ST_Point(-80.408, 27.318), 4326)),
  ('120144000005', 'Treasure Coast High School', 'High', '9', '12', '34987', '1201440', 2700, 20, ST_SetSRID(ST_Point(-80.46, 27.29), 4326)),
  ('120144000006', 'Dan McCarty Middle School', 'Middle', '7', '8', '34947', '1201440', 900, 17, ST_SetSRID(ST_Point(-80.378, 27.438), 4326)),
  ('120144000007', 'Forest Grove Middle School', 'Middle', '6', '8', '34982', '1201440', 1050, 18, ST_SetSRID(ST_Point(-80.33, 27.4), 4326)),
  ('120144000008', 'Southern Oaks Middle School', 'Middle', '6', '8', '34986', '1201440', 1100, 18, ST_SetSRID(ST_Point(-80.4, 27.305), 4326)),
  ('120144000009', 'Samuel S. Gaines Academy K-8', 'Combined', 'K', '8', '34947', '1201440', 1100, 17, ST_SetSRID(ST_Point(-80.395, 27.44), 4326)),
  ('120144000010', 'Northport K-8 School', 'Combined', 'K', '8', '34983', '1201440', 1300, 17, ST_SetSRID(ST_Point(-80.355, 27.322), 4326)),
  ('120144000011', 'Manatee Academy K-8', 'Combined', 'K', '8', '34984', '1201440', 1250, 17, ST_SetSRID(ST_Point(-80.35, 27.25), 4326)),
  ('120144000012', 'Allapattah Flats K-8 School', 'Combined', 'K', '8', '34987', '1201440', 1450, 17, ST_SetSRID(ST_Point(-80.455, 27.295), 4326)),
  ('120144000013', 'Windmill Point Elementary School', 'Elementary', 'K', '5', '34986', '1201440', 820, 16, ST_SetSRID(ST_Point(-80.41, 27.31), 4326)),
  ('120144000014', 'Chester A. Moore Elementary School', 'Elementary', 'K', '5', '34950', '1201440', 600, 14, ST_SetSRID(ST_Point(-80.335, 27.45), 4326)),
  ('120144000015', 'Frances K. Sweet Elementary School', 'Elementary', 'K', '5', '34947', '1201440', 650, 15, ST_SetSRID(ST_Point(-80.382, 27.445), 4326)),
  ('120144000016', 'Lawnwood Elementary School', 'Elementary', 'K', '5', '34950', '1201440', 580, 14, ST_SetSRID(ST_Point(-80.348, 27.452), 4326)),
  ('120144000017', 'Lakewood Park Elementary School', 'Elementary', 'K', '5', '34951', '1201440', 720, 15, ST_SetSRID(ST_Point(-80.398, 27.56), 4326)),
  ('120144000018', 'White City Elementary School', 'Elementary', 'K', '5', '34982', '1201440', 540, 14, ST_SetSRID(ST_Point(-80.345, 27.392), 4326)),
  ('120144000019', 'Weatherbee Elementary School', 'Elementary', 'K', '5', '34982', '1201440', 600, 15, ST_SetSRID(ST_Point(-80.322, 27.405), 4326)),
  ('120144000020', 'Fairlawn Elementary School', 'Elementary', 'K', '5', '34981', '1201440', 560, 14, ST_SetSRID(ST_Point(-80.352, 27.395), 4326)),
  ('120144000021', 'Bayshore Elementary School', 'Elementary', 'K', '5', '34983', '1201440', 760, 15, ST_SetSRID(ST_Point(-80.36, 27.33), 4326)),
  ('120144000022', 'Morningside Elementary School', 'Elementary', 'K', '5', '34983', '1201440', 700, 15, ST_SetSRID(ST_Point(-80.345, 27.3), 4326)),
  ('120144000023', 'Rivers Edge Elementary School', 'Elementary', 'K', '5', '34983', '1201440', 700, 15, ST_SetSRID(ST_Point(-80.35, 27.315), 4326)),
  ('120144000024', 'Village Green Elementary School', 'Elementary', 'K', '5', '34983', '1201440', 600, 14, ST_SetSRID(ST_Point(-80.358, 27.325), 4326)),
  ('120144000025', 'Mariposa Elementary School', 'Elementary', 'K', '5', '34984', '1201440', 740, 15, ST_SetSRID(ST_Point(-80.36, 27.26), 4326)),
  ('120144000026', 'Savanna Ridge Elementary School', 'Elementary', 'K', '5', '34987', '1201440', 800, 16, ST_SetSRID(ST_Point(-80.47, 27.28), 4326)),
  ('120144000027', 'Renaissance Charter School of St. Lucie', 'Charter (K-8)', 'K', '8', '34986', '1201440', 900, 18, ST_SetSRID(ST_Point(-80.42, 27.312), 4326))
on conflict (nces_id) do nothing;

insert into school_safety (nces_id, school_year, source, aggravated_assaults, violent_incidents_total, threats_of_violence, theft_larceny, vandalism, drug_incidents, weapons_possession, police_calls, security_cameras, controlled_building_access, sworn_law_enforcement, visitor_sign_in) values
  ('120144000001', '2021-22', 'NCES SSOCS (illustrative)', 1, 5, 9, 7, 7, 6, 2, 13, true, true, true, true),
  ('120144000002', '2021-22', 'NCES SSOCS (illustrative)', 3, 11, 11, 8, 5, 1, 3, 23, true, true, true, true),
  ('120144000003', '2021-22', 'NCES SSOCS (illustrative)', 2, 6, 3, 2, 5, 5, 2, 9, true, true, true, true),
  ('120144000004', '2021-22', 'NCES SSOCS (illustrative)', 3, 13, 7, 7, 12, 7, 1, 31, true, true, true, true),
  ('120144000005', '2021-22', 'NCES SSOCS (illustrative)', 4, 10, 3, 1, 6, 11, 2, 27, true, true, true, true),
  ('120144000006', '2021-22', 'NCES SSOCS (illustrative)', 1, 5, 3, 6, 1, 3, 1, 12, true, true, true, true),
  ('120144000007', '2021-22', 'NCES SSOCS (illustrative)', 0, 4, 1, 8, 0, 5, 1, 15, true, false, true, true),
  ('120144000008', '2021-22', 'NCES SSOCS (illustrative)', 0, 5, 4, 9, 3, 0, 0, 20, true, false, true, true),
  ('120144000009', '2021-22', 'NCES SSOCS (illustrative)', 1, 6, 5, 2, 1, 2, 0, 8, true, true, true, true),
  ('120144000010', '2021-22', 'NCES SSOCS (illustrative)', 0, 2, 1, 3, 7, 4, 0, 9, true, false, false, true),
  ('120144000011', '2021-22', 'NCES SSOCS (illustrative)', 1, 5, 3, 1, 6, 2, 1, 10, true, true, true, true),
  ('120144000012', '2021-22', 'NCES SSOCS (illustrative)', 1, 5, 7, 3, 0, 6, 2, 14, true, true, false, true),
  ('120144000013', '2021-22', 'NCES SSOCS (illustrative)', 1, 4, 4, 4, 5, 1, 1, 11, true, true, true, true),
  ('120144000014', '2021-22', 'NCES SSOCS (illustrative)', 1, 2, 0, 3, 2, 2, 0, 8, true, true, false, true),
  ('120144000015', '2021-22', 'NCES SSOCS (illustrative)', 1, 2, 2, 0, 2, 0, 1, 5, true, true, false, true),
  ('120144000016', '2021-22', 'NCES SSOCS (illustrative)', 0, 2, 3, 2, 3, 1, 1, 5, true, true, false, true),
  ('120144000017', '2021-22', 'NCES SSOCS (illustrative)', 1, 5, 4, 3, 1, 3, 1, 11, true, true, true, true),
  ('120144000018', '2021-22', 'NCES SSOCS (illustrative)', 0, 3, 2, 2, 3, 2, 1, 8, true, true, true, true),
  ('120144000019', '2021-22', 'NCES SSOCS (illustrative)', 0, 2, 1, 3, 2, 2, 1, 9, true, true, false, true),
  ('120144000020', '2021-22', 'NCES SSOCS (illustrative)', 1, 2, 2, 4, 3, 2, 0, 8, true, true, false, true),
  ('120144000021', '2021-22', 'NCES SSOCS (illustrative)', 1, 4, 2, 3, 1, 2, 1, 7, true, true, true, true),
  ('120144000022', '2021-22', 'NCES SSOCS (illustrative)', 1, 4, 3, 4, 1, 0, 1, 12, true, true, true, true),
  ('120144000023', '2021-22', 'NCES SSOCS (illustrative)', 1, 4, 1, 2, 1, 2, 1, 9, true, true, true, true),
  ('120144000024', '2021-22', 'NCES SSOCS (illustrative)', 1, 4, 1, 5, 0, 0, 1, 12, true, true, true, true),
  ('120144000025', '2021-22', 'NCES SSOCS (illustrative)', 0, 3, 3, 6, 1, 2, 0, 11, true, true, true, true),
  ('120144000026', '2021-22', 'NCES SSOCS (illustrative)', 1, 5, 4, 1, 3, 3, 2, 6, true, true, true, true),
  ('120144000027', '2021-22', 'NCES SSOCS (illustrative)', 0, 3, 4, 2, 5, 2, 1, 10, true, true, false, true)
on conflict (nces_id) do nothing;

insert into school_graduation (nces_id, school_year, source, grad_rate_4yr, college_going_rate) values
  ('120144000001', '2022-23', 'NCES CCD / ED Data Express (illustrative)', 93, 61),
  ('120144000002', '2022-23', 'NCES CCD / ED Data Express (illustrative)', 93, 73),
  ('120144000003', '2022-23', 'NCES CCD / ED Data Express (illustrative)', 85, 77),
  ('120144000004', '2022-23', 'NCES CCD / ED Data Express (illustrative)', 85, 66),
  ('120144000005', '2022-23', 'NCES CCD / ED Data Express (illustrative)', 94, 73)
on conflict (nces_id) do nothing;

commit;
