-- Auto-generated by pipeline/build_sql_inserts.py. Do not edit by hand.
-- Load order: schema.sql then this file.
begin;

insert into school_districts (district_id, name, short_name, state, geom) values
  ('1201770', 'The School District of St. Lucie County', 'St. Lucie Public Schools', 'FL', ST_Multi(ST_GeomFromText('POLYGON((-80.275 27.585, -80.285 27.4, -80.305 27.18, -80.705 27.182, -80.705 27.587, -80.4 27.586, -80.275 27.585))', 4326)))
on conflict (district_id) do nothing;

insert into schools (nces_id, name, type, grade_low, grade_high, zip, district_id, enrollment, student_teacher_ratio, chronic_absent_students, geom) values
  ('120177008545', 'Acceleration Academy', 'Combined', '8', '12', '34984', '1201770', 364, 72.8, null, ST_SetSRID(ST_Point(-80.340861, 27.27351), 4326)),
  ('120177006839', 'Allapattah Flats K-8', 'Combined', 'PK', '8', '34987', '1201770', 1312, 20.2, 522, ST_SetSRID(ST_Point(-80.447604, 27.329757), 4326)),
  ('120177002638', 'Bayshore Elementary School', 'Elementary', 'PK', '5', '34984', '1201770', 871, 17.4, 236, ST_SetSRID(ST_Point(-80.3636, 27.2913), 4326)),
  ('120177001931', 'Chester A. Moore Elementary School', 'Combined', 'K', '8', '34947', '1201770', 429, 19.5, 218, ST_SetSRID(ST_Point(-80.3547, 27.4575), 4326)),
  ('120177003500', 'Creative Arts Academy of St. Lucie', 'Combined', 'K', '8', '34950', '1201770', 468, 13.0, 130, ST_SetSRID(ST_Point(-80.3344, 27.444), 4326)),
  ('120177004149', 'Dale Cassens Education Complex', 'Combined', 'PK', '12', '34950', '1201770', 212, 9.2, 286, ST_SetSRID(ST_Point(-80.33481, 27.429642), 4326)),
  ('120177001927', 'Dan McCarty Middle School', 'Middle', '6', '8', '34950', '1201770', 711, 17.8, 566, ST_SetSRID(ST_Point(-80.3365, 27.4331), 4326)),
  ('120177003796', 'Data House', 'Combined', '6', '12', '34981', '1201770', 14, 14.0, 2, ST_SetSRID(ST_Point(-80.366131, 27.38374), 4326)),
  ('120177001923', 'Fairlawn Elementary School', 'Elementary', 'PK', '5', '34947', '1201770', 646, 15.4, 100, ST_SetSRID(ST_Point(-80.3574, 27.4286), 4326)),
  ('120177002264', 'Floresta Elementary School', 'Elementary', 'PK', '5', '34983', '1201770', 651, 16.7, 312, ST_SetSRID(ST_Point(-80.3254, 27.2949), 4326)),
  ('120177002902', 'Forest Grove Middle School', 'Middle', '6', '8', '34981', '1201770', 853, 19.8, 492, ST_SetSRID(ST_Point(-80.3513, 27.4067), 4326)),
  ('120177001933', 'Fort Pierce Central High School', 'High', '9', '12', '34981', '1201770', 3187, 26.8, 0, ST_SetSRID(ST_Point(-80.351136, 27.39108), 4326)),
  ('120177002104', 'Fort Pierce Westwood Academy the W.E.S.T. Prep Magnet', 'High', '9', '12', '34947', '1201770', 1956, 22.7, 0, ST_SetSRID(ST_Point(-80.3758, 27.4584), 4326)),
  ('120177001928', 'Frances K. Sweet Elementary School', 'Elementary', 'PK', '5', '34950', '1201770', 364, 15.2, 106, ST_SetSRID(ST_Point(-80.3382, 27.466), 4326)),
  ('120177008887', 'Independence Classical Academy', 'Combined (Charter)', 'K', '12', '34981', '1201770', 472, 15.2, 105, ST_SetSRID(ST_Point(-80.380752, 27.411457), 4326)),
  ('120177002265', 'Lakewood Park Elementary School', 'Elementary', 'PK', '5', '34951', '1201770', 640, 20.0, 380, ST_SetSRID(ST_Point(-80.4035, 27.5224), 4326)),
  ('120177001925', 'Lawnwood Elementary School', 'Elementary', 'PK', '5', '34950', '1201770', 783, 18.6, 288, ST_SetSRID(ST_Point(-80.3466, 27.4291), 4326)),
  ('120177001932', 'Lincoln Park Academy', 'Combined', '6', '12', '34950', '1201770', 1680, 25.1, 462, ST_SetSRID(ST_Point(-80.34312, 27.458965), 4326)),
  ('120177001111', 'Manatee Academy K-8', 'Combined', 'K', '8', '34986', '1201770', 1723, 19.8, 572, ST_SetSRID(ST_Point(-80.395561, 27.299188), 4326)),
  ('120177001081', 'Mariposa Elementary School', 'Elementary', 'PK', '5', '34952', '1201770', 756, 17.2, 250, ST_SetSRID(ST_Point(-80.2698, 27.27), 4326)),
  ('120177002266', 'Morningside Elementary School', 'Elementary', 'PK', '5', '34952', '1201770', 667, 15.5, 232, ST_SetSRID(ST_Point(-80.2951, 27.2735), 4326)),
  ('120177007973', 'Mosaic Digital Academy K-12', 'Combined', 'K', '12', '34986', '1201770', 255, 21.2, null, ST_SetSRID(ST_Point(-80.418998, 27.312543), 4326)),
  ('120177002481', 'Northport K-8 School', 'Combined', 'PK', '8', '34983', '1201770', 1265, 17.3, 511, ST_SetSRID(ST_Point(-80.3524, 27.3244), 4326)),
  ('120177003943', 'Oak Hammock K-8 School', 'Combined', 'PK', '8', '34953', '1201770', 1704, 19.8, 592, ST_SetSRID(ST_Point(-80.3851, 27.2791), 4326)),
  ('120177003661', 'Pace Center for Girls Treasure Coast', 'Combined', '6', '12', '34981', '1201770', 37, 9.2, 75, ST_SetSRID(ST_Point(-80.362302, 27.424975), 4326)),
  ('120177002673', 'Parkway Elementary School', 'Elementary', 'PK', '5', '34983', '1201770', 545, 19.5, 258, ST_SetSRID(ST_Point(-80.3701, 27.3478), 4326)),
  ('120177001079', 'Performance Based Preparatory Academy', 'High', '9', '12', '34947', '1201770', 141, 15.7, 207, ST_SetSRID(ST_Point(-80.354751, 27.44326), 4326)),
  ('120177002671', 'Port St. Lucie High School', 'High', '9', '12', '34952', '1201770', 1811, 24.5, 0, ST_SetSRID(ST_Point(-80.2824, 27.3055), 4326)),
  ('120177008226', 'Renaissance Charter School at Tradition', 'Combined (Charter)', 'K', '8', '33308', '1201770', 1147, 15.7, 339, ST_SetSRID(ST_Point(-80.459086, 27.266048), 4326)),
  ('120177007685', 'Renaissance Charter School of St. Lucie', 'Combined (Charter)', 'PK', '8', '34986', '1201770', 1415, 17.9, 405, ST_SetSRID(ST_Point(-80.3768, 27.3212), 4326)),
  ('120177003019', 'Rivers Edge Elementary School', 'Elementary', 'PK', '5', '34983', '1201770', 747, 17.4, 193, ST_SetSRID(ST_Point(-80.3504, 27.3618), 4326)),
  ('120177006816', 'Samuel S. Gaines Academy of Emerging Technologies', 'Combined', 'PK', '8', '34947', '1201770', 702, 15.3, 250, ST_SetSRID(ST_Point(-80.381519, 27.424502), 4326)),
  ('120177003501', 'Savanna Ridge Elementary School', 'Elementary', 'PK', '5', '34952', '1201770', 471, 14.7, 212, ST_SetSRID(ST_Point(-80.318938, 27.341642), 4326)),
  ('120177008898', 'Somerset Academy Bethany', 'Elementary (Charter)', 'K', '5', '34986', '1201770', 482, 21.0, 80, ST_SetSRID(ST_Point(-80.385651, 27.31202), 4326)),
  ('120177007574', 'Somerset Academy St. Lucie', 'Combined (Charter)', 'K', '8', '34953', '1201770', 669, 17.2, 151, ST_SetSRID(ST_Point(-80.374, 27.2142), 4326)),
  ('120177008089', 'Somerset College Preparatory Academy', 'Combined (Charter)', '6', '12', '34986', '1201770', 1387, 32.3, 213, ST_SetSRID(ST_Point(-80.398288, 27.33714), 4326)),
  ('120177003020', 'Southern Oaks Middle School', 'Middle', '6', '8', '34983', '1201770', 907, 22.7, 429, ST_SetSRID(ST_Point(-80.3554, 27.3614), 4326)),
  ('120177002901', 'Southport Middle School', 'Middle', '6', '8', '34952', '1201770', 866, 18.8, 318, ST_SetSRID(ST_Point(-80.3009, 27.2684), 4326)),
  ('120177003932', 'St Lucie County Jail - Rock Road Academy', 'Combined', '6', '12', '34986', '1201770', 24, 8.0, null, ST_SetSRID(ST_Point(-80.409879, 27.453359), 4326)),
  ('120177002903', 'St. Lucie Detention Center', 'Combined', 'K', '12', '34982', '1201770', 65, 16.2, 8, ST_SetSRID(ST_Point(-80.3373, 27.3947), 4326)),
  ('120177001926', 'St. Lucie Elementary School', 'Elementary', 'PK', '5', '34950', '1201770', 662, 15.0, 384, ST_SetSRID(ST_Point(-80.3359, 27.427), 4326)),
  ('120177007766', 'St. Lucie Virtual Instruction Program', 'Combined', 'K', '12', '34987', '1201770', 13, null, 24, ST_SetSRID(ST_Point(-80.447604, 27.329757), 4326)),
  ('120177003503', 'St. Lucie West Centennial High', 'High', '9', '12', '34986', '1201770', 2702, 24.1, 0, ST_SetSRID(ST_Point(-80.3804, 27.2986), 4326)),
  ('120177003502', 'St. Lucie West K-8 School', 'Combined', 'K', '8', '34986', '1201770', 1663, 18.3, 655, ST_SetSRID(ST_Point(-80.3785, 27.2958), 4326)),
  ('120177008957', 'Tradition Preparatory High School', 'High (Charter)', '9', '12', '33334', '1201770', 965, 22.4, 171, ST_SetSRID(ST_Point(-80.460359, 27.265359), 4326)),
  ('120177004148', 'Treasure Coast High School', 'High', '9', '12', '34953', '1201770', 3114, 27.6, 0, ST_SetSRID(ST_Point(-80.3649, 27.2452), 4326)),
  ('120177002537', 'Village Green Environmental Studies School', 'Elementary', 'PK', '5', '34952', '1201770', 597, 19.9, 208, ST_SetSRID(ST_Point(-80.2856, 27.2897), 4326)),
  ('120177003121', 'Weatherbee Elementary School', 'Elementary', 'PK', '5', '34982', '1201770', 728, 18.2, 312, ST_SetSRID(ST_Point(-80.3158, 27.3827), 4326)),
  ('120177005371', 'West Gate K-8 School', 'Combined', 'PK', '8', '34986', '1201770', 1582, 18.2, 563, ST_SetSRID(ST_Point(-80.3763, 27.3371), 4326)),
  ('120177001922', 'White City Elementary School', 'Elementary', 'PK', '5', '34982', '1201770', 504, 18.0, 235, ST_SetSRID(ST_Point(-80.3352, 27.3716), 4326)),
  ('120177002536', 'Windmill Point Elementary School', 'Elementary', 'PK', '5', '34953', '1201770', 1058, 17.9, 364, ST_SetSRID(ST_Point(-80.3721, 27.2456), 4326))
on conflict (nces_id) do nothing;

insert into school_safety (nces_id, school_year, source, violent_incidents_total, physical_attacks_with_weapon, physical_attacks_no_weapon, threats_of_violence, robberies, rape_or_sexual_battery, firearm_explosive_possession, firearm_incident, out_of_school_suspensions, harassment_bullying_allegations) values
  ('120177001079', '2021-22', 'U.S. Dept. of Education, Civil Rights Data Collection (CRDC) 2021-22', 1, 0, 1, 0, 0, 0, 0, false, 7, 1),
  ('120177001081', '2021-22', 'U.S. Dept. of Education, Civil Rights Data Collection (CRDC) 2021-22', 1, 0, 1, 0, 0, 0, 0, false, 16, 1),
  ('120177001111', '2021-22', 'U.S. Dept. of Education, Civil Rights Data Collection (CRDC) 2021-22', 13, 0, 10, 1, 0, 2, 0, false, 177, 6),
  ('120177001922', '2021-22', 'U.S. Dept. of Education, Civil Rights Data Collection (CRDC) 2021-22', 3, 0, 3, 0, 0, 0, 0, false, 44, 1),
  ('120177001923', '2021-22', 'U.S. Dept. of Education, Civil Rights Data Collection (CRDC) 2021-22', 1, 0, 0, 1, 0, 0, 0, false, 2, 0),
  ('120177001925', '2021-22', 'U.S. Dept. of Education, Civil Rights Data Collection (CRDC) 2021-22', 0, 0, 0, 0, 0, 0, 0, false, 53, 0),
  ('120177001926', '2021-22', 'U.S. Dept. of Education, Civil Rights Data Collection (CRDC) 2021-22', 1, 0, 1, 0, 0, 0, 0, false, 135, 0),
  ('120177001927', '2021-22', 'U.S. Dept. of Education, Civil Rights Data Collection (CRDC) 2021-22', 2, 0, 2, 0, 0, 0, 1, false, 731, 0),
  ('120177001928', '2021-22', 'U.S. Dept. of Education, Civil Rights Data Collection (CRDC) 2021-22', 1, 0, 1, 0, 0, 0, 0, false, 39, 1),
  ('120177001931', '2021-22', 'U.S. Dept. of Education, Civil Rights Data Collection (CRDC) 2021-22', 0, 0, 0, 0, 0, 0, 0, false, 87, 0),
  ('120177001932', '2021-22', 'U.S. Dept. of Education, Civil Rights Data Collection (CRDC) 2021-22', 3, 0, 1, 2, 0, 0, 0, false, 189, 3),
  ('120177001933', '2021-22', 'U.S. Dept. of Education, Civil Rights Data Collection (CRDC) 2021-22', 17, 0, 15, 2, 0, 0, 0, false, 352, 4),
  ('120177002104', '2021-22', 'U.S. Dept. of Education, Civil Rights Data Collection (CRDC) 2021-22', 8, 0, 5, 2, 0, 1, 1, false, 561, 4),
  ('120177002264', '2021-22', 'U.S. Dept. of Education, Civil Rights Data Collection (CRDC) 2021-22', 0, 0, 0, 0, 0, 0, 0, false, 41, 0),
  ('120177002265', '2021-22', 'U.S. Dept. of Education, Civil Rights Data Collection (CRDC) 2021-22', 1, 0, 1, 0, 0, 0, 0, false, 103, 0),
  ('120177002266', '2021-22', 'U.S. Dept. of Education, Civil Rights Data Collection (CRDC) 2021-22', 0, 0, 0, 0, 0, 0, 0, false, 0, 0),
  ('120177002481', '2021-22', 'U.S. Dept. of Education, Civil Rights Data Collection (CRDC) 2021-22', 2, 0, 2, 0, 0, 0, 0, false, 277, 10),
  ('120177002536', '2021-22', 'U.S. Dept. of Education, Civil Rights Data Collection (CRDC) 2021-22', 5, 0, 5, 0, 0, 0, 0, false, 44, 1),
  ('120177002537', '2021-22', 'U.S. Dept. of Education, Civil Rights Data Collection (CRDC) 2021-22', 1, 0, 1, 0, 0, 0, 0, false, 51, 0),
  ('120177002638', '2021-22', 'U.S. Dept. of Education, Civil Rights Data Collection (CRDC) 2021-22', 0, 0, 0, 0, 0, 0, 0, false, 12, 2),
  ('120177002671', '2021-22', 'U.S. Dept. of Education, Civil Rights Data Collection (CRDC) 2021-22', 8, 0, 8, 0, 0, 0, 0, false, 289, 1),
  ('120177002673', '2021-22', 'U.S. Dept. of Education, Civil Rights Data Collection (CRDC) 2021-22', 2, 0, 2, 0, 0, 0, 0, false, 25, 0),
  ('120177002901', '2021-22', 'U.S. Dept. of Education, Civil Rights Data Collection (CRDC) 2021-22', 6, 0, 5, 1, 0, 0, 0, false, 278, 4),
  ('120177002902', '2021-22', 'U.S. Dept. of Education, Civil Rights Data Collection (CRDC) 2021-22', 20, 0, 17, 3, 0, 0, 0, false, 448, 1),
  ('120177002903', '2021-22', 'U.S. Dept. of Education, Civil Rights Data Collection (CRDC) 2021-22', 0, 0, 0, 0, 0, 0, 0, false, 0, 0),
  ('120177003019', '2021-22', 'U.S. Dept. of Education, Civil Rights Data Collection (CRDC) 2021-22', 0, 0, 0, 0, 0, 0, 0, false, 23, 0),
  ('120177003020', '2021-22', 'U.S. Dept. of Education, Civil Rights Data Collection (CRDC) 2021-22', 13, 0, 8, 2, 0, 3, 0, false, 456, 18),
  ('120177003121', '2021-22', 'U.S. Dept. of Education, Civil Rights Data Collection (CRDC) 2021-22', 8, 0, 7, 1, 0, 0, 0, false, 94, 0),
  ('120177003500', '2021-22', 'U.S. Dept. of Education, Civil Rights Data Collection (CRDC) 2021-22', 0, 0, 0, 0, 0, 0, 0, false, 46, 1),
  ('120177003501', '2021-22', 'U.S. Dept. of Education, Civil Rights Data Collection (CRDC) 2021-22', 1, 0, 1, 0, 0, 0, 0, false, 38, 2),
  ('120177003502', '2021-22', 'U.S. Dept. of Education, Civil Rights Data Collection (CRDC) 2021-22', 2, 0, 1, 1, 0, 0, 0, false, 223, 1),
  ('120177003503', '2021-22', 'U.S. Dept. of Education, Civil Rights Data Collection (CRDC) 2021-22', 5, 0, 3, 1, 0, 1, 1, false, 292, 0),
  ('120177003661', '2021-22', 'U.S. Dept. of Education, Civil Rights Data Collection (CRDC) 2021-22', 1, 0, 1, 0, 0, 0, 0, false, 9, 0),
  ('120177003796', '2021-22', 'U.S. Dept. of Education, Civil Rights Data Collection (CRDC) 2021-22', 0, 0, 0, 0, 0, 0, 0, false, 0, 0),
  ('120177003932', '2021-22', 'U.S. Dept. of Education, Civil Rights Data Collection (CRDC) 2021-22', 0, 0, 0, 0, 0, 0, 0, false, 0, 0),
  ('120177003943', '2021-22', 'U.S. Dept. of Education, Civil Rights Data Collection (CRDC) 2021-22', 6, 0, 6, 0, 0, 0, 0, false, 163, 5),
  ('120177004148', '2021-22', 'U.S. Dept. of Education, Civil Rights Data Collection (CRDC) 2021-22', 6, 0, 4, 0, 1, 1, 1, false, 325, 1),
  ('120177004149', '2021-22', 'U.S. Dept. of Education, Civil Rights Data Collection (CRDC) 2021-22', 29, 0, 17, 10, 0, 2, 0, false, 373, 1),
  ('120177005371', '2021-22', 'U.S. Dept. of Education, Civil Rights Data Collection (CRDC) 2021-22', 4, 0, 2, 1, 0, 1, 0, false, 146, 7),
  ('120177006816', '2021-22', 'U.S. Dept. of Education, Civil Rights Data Collection (CRDC) 2021-22', 5, 0, 5, 0, 0, 0, 0, false, 179, 0),
  ('120177006839', '2021-22', 'U.S. Dept. of Education, Civil Rights Data Collection (CRDC) 2021-22', 4, 0, 4, 0, 0, 0, 0, false, 146, 1),
  ('120177007574', '2021-22', 'U.S. Dept. of Education, Civil Rights Data Collection (CRDC) 2021-22', 0, 0, 0, 0, 0, 0, 0, false, 41, 0),
  ('120177007685', '2021-22', 'U.S. Dept. of Education, Civil Rights Data Collection (CRDC) 2021-22', 3, 0, 3, 0, 0, 0, 0, false, 162, 1),
  ('120177007766', '2021-22', 'U.S. Dept. of Education, Civil Rights Data Collection (CRDC) 2021-22', 0, 0, 0, 0, 0, 0, 0, false, 0, 0),
  ('120177007973', '2021-22', 'U.S. Dept. of Education, Civil Rights Data Collection (CRDC) 2021-22', 0, 0, 0, 0, 0, 0, 0, false, 0, 0),
  ('120177008089', '2021-22', 'U.S. Dept. of Education, Civil Rights Data Collection (CRDC) 2021-22', 1, 0, 1, 0, 0, 0, 0, false, 115, 1),
  ('120177008226', '2021-22', 'U.S. Dept. of Education, Civil Rights Data Collection (CRDC) 2021-22', 1, 0, 1, 0, 0, 0, 0, false, 152, 2),
  ('120177008545', '2021-22', 'U.S. Dept. of Education, Civil Rights Data Collection (CRDC) 2021-22', 0, 0, 0, 0, 0, 0, 0, false, 0, 0),
  ('120177008887', '2021-22', 'U.S. Dept. of Education, Civil Rights Data Collection (CRDC) 2021-22', 1, 0, 0, 1, 0, 0, 0, false, 61, 1),
  ('120177008898', '2021-22', 'U.S. Dept. of Education, Civil Rights Data Collection (CRDC) 2021-22', 1, 0, 1, 0, 0, 0, 0, false, 47, 0),
  ('120177008957', '2021-22', 'U.S. Dept. of Education, Civil Rights Data Collection (CRDC) 2021-22', 0, 0, 0, 0, 0, 0, 0, false, 73, 0)
on conflict (nces_id) do nothing;

insert into school_graduation (nces_id, school_year, source, grad_rate_4yr, cohort_size) values
  ('120177001079', '2018-19', 'U.S. Dept. of Education, EDFacts adjusted-cohort graduation rate (latest available)', 47, 131),
  ('120177001932', '2018-19', 'U.S. Dept. of Education, EDFacts adjusted-cohort graduation rate (latest available)', 99, 212),
  ('120177001933', '2018-19', 'U.S. Dept. of Education, EDFacts adjusted-cohort graduation rate (latest available)', 98, 650),
  ('120177002104', '2018-19', 'U.S. Dept. of Education, EDFacts adjusted-cohort graduation rate (latest available)', 96, 390),
  ('120177002671', '2018-19', 'U.S. Dept. of Education, EDFacts adjusted-cohort graduation rate (latest available)', 97, 394),
  ('120177003503', '2018-19', 'U.S. Dept. of Education, EDFacts adjusted-cohort graduation rate (latest available)', 99, 642),
  ('120177004148', '2018-19', 'U.S. Dept. of Education, EDFacts adjusted-cohort graduation rate (latest available)', 99, 706),
  ('120177004149', '2018-19', 'U.S. Dept. of Education, EDFacts adjusted-cohort graduation rate (latest available)', 10, 30),
  ('120177008089', '2018-19', 'U.S. Dept. of Education, EDFacts adjusted-cohort graduation rate (latest available)', 97, 105),
  ('120177008545', '2018-19', 'U.S. Dept. of Education, EDFacts adjusted-cohort graduation rate (latest available)', 22, 91)
on conflict (nces_id) do nothing;

commit;
